Regione;Provincia;Comune;Nome PCN;Latitudine;Longitudine
Abruzzo;Chieti;COLLEDIMEZZO;POP_CH_13_COLLEDIMEZZO;41,986148;14,385157
Abruzzo;Chieti;CASOLI;POP_CH_02_CASOLI;42,124997;14,298431
Abruzzo;Chieti;ATESSA;POP_CH_04_ATESSA;42,0688056;14,4572222
Abruzzo;Chieti;CASTELGUIDONE;POP_CH_05_CASTELGUIDONE;41,81847;14,52316
Abruzzo;Chieti;GUARDIAGRELE;POP_CH_06_GUARDIAGRELE;42,187554;14,212727
Abruzzo;Chieti;SAN BUONO;POP_CH_11_SAN BUONO;41,9838611;14,5618389
Abruzzo;Chieti;SAN GIOVANNI TEATINO;POP_CH_15_SAN_GIOVANNI_TEATINO;42,41008;14,17819
Abruzzo;Chieti;BORRELLO;POP_CH_08_BORRELLO;41,91648;14,307216
Abruzzo;Chieti;CANOSA SANNITA;POP_CH_10_CANOSA_SANNITA;42,29085;14,308434
Abruzzo;Chieti;FOSSACESIA;POP_CH_03_FOSSACESIA;42,228612;14,433379
Abruzzo;Chieti;PENNADOMO;POP_CH_14_PENNADOMO;42,003803;14,321358
Abruzzo;Chieti;PRETORO;POP_CH_16_PRETORO;42,221547;14,142474
Abruzzo;Chieti;TARANTA PELIGNA;POP_CH_07_TARANTA_PELIGNA;42,014073;14,167009
Abruzzo;L'Aquila;COCULLO;POP_AQ_02_COCULLO;42,030007;13,775152
Abruzzo;L'Aquila;RIVISONDOLI;POP_AQ_04_RIVISONDOLI;41,8704;14,05359
Abruzzo;L'Aquila;CARSOLI;POP_AQ_07_CARSOLI;42,091972;13,075109
Abruzzo;L'Aquila;PRATA D'ANSIDONIA;POP_AQ_09_PRATA_D'ANSIDONIA;42,276622;13,636393
Abruzzo;L'Aquila;CAMPO DI GIOVE;POP_AQ_19_CAMPO DI GIOVE;42,009848;14,032962
Abruzzo;L'Aquila;PESCINA;POP_AQ_13_PESCINA;42,021887;13,652816
Abruzzo;L'Aquila;CAPESTRANO;POP_AQ_20_CAPESTRANO;42,271;13,7584167
Abruzzo;L'Aquila;CAPPADOCIA;POP_AQ_05_CAPPADOCIA;42,006652;13,276671
Abruzzo;L'Aquila;OFENA;POP_AQ_08_OFENA;42,325327;13,760279
Abruzzo;L'Aquila;PRATOLA PELIGNA;POP_AQ_12_PRATOLA_PELIGNA;42,101207;13,879228
Abruzzo;Pescara;CASTIGLIONE A CASAURIA;POP_PE_02_CASTIGLIONE_A_CASAURIA;42,234835;13,92541
Abruzzo;Pescara;CIVITAQUANA;POP_PE_04_CIVITAQUANA;42,320579;13,87933
Abruzzo;Pescara;MONTEBELLO DI BERTONA;POP_PE_05_MONTEBELLO_DI_BERTONA;42,41472;13,86947
Abruzzo;Pescara;LORETO APRUTINO;POP_PE_07_LORETO_APRUTINO;42,435941;13,979859
Abruzzo;Teramo;MONTORIO AL VOMANO;POP_TE_01_MONTORIO AL VOMANO;42,579994;13,643963
Abruzzo;Teramo;ISOLA DEL GRAN SASSO D'ITALIA;POP_TE_07_ISOLA DEL GRAN SASSO D'ITALIA;42,5085889;13,6652972
Abruzzo;Teramo;CIVITELLA DEL TRONTO;POP_TE_03_CIVITELLA_DEL_TRONTO;42,7986111;13,7280278
Lazio;Frosinone;AMASENO;POP_FR_20_AMASENO;41,464738;13,333237
Lazio;Frosinone;ARCE;POP_FR_05_ARCE;41,573606;13,578722
Lazio;Frosinone;ALATRI;POP_FR_12_ALATRI;41,720047;13,338822
Lazio;Frosinone;CEPRANO;POP_FR_19_CEPRANO;41,536119;13,515972
Lazio;Frosinone;SANT'APOLLINARE;POP_FR_17_SANT'APOLLINARE;41,4034778;13,8320833
Lazio;Frosinone;VILLA SANTO STEFANO;POP_FR_21_VILLA_SANTO_STEFANO;41,518059;13,30266
Lazio;Latina;MONTE SAN BIAGIO;POP_LT_08_MONTE_SAN_BIAGIO;41,346875;13,346614
Lazio;Rieti;PESCOROCCHIANO;POP_RI_04_PESCOROCCHIANO;42,20408;13,14881
Lazio;Rieti;TARANO;POP_RI_08_TARANO;42,320819;12,58633
Lazio;Rieti;CITTADUCALE;POP_RI_10_CITTADUCALE;42,38986;12,958315
Lazio;Rieti;FARA IN SABINA;POP_RI_11_FARA_IN_SABINA;42,188491;12,693694
Lazio;Rieti;LEONESSA;POP_RI_03_LEONESSA;42,571275;12,962953
Lazio;Rieti;MAGLIANO SABINA;POP_RI_12_MAGLIANO_SABINA;42,371722;12,490389
Lazio;Roma;AGOSTA;POP_RM_12_AGOSTA;41,960556;13,048593
Lazio;Roma;ANGUILLARA SABAZIA;POP_RM_15_ANGUILLARA_SABAZIA;42,08321;12,28059
Lazio;Roma;ARICCIA;POP_RM_08_ARICCIA;41,7258944;12,676425
Lazio;Roma;CAMPAGNANO DI ROMA;POP_RM_02_CAMPAGNANO_DI_ROMA;42,1355;12,373875
Lazio;Roma;CASTELNUOVO DI PORTO;POP_RM_17_CASTELNUOVO_DI_PORTO;42,100995;12,581191
Lazio;Roma;CAVE;POP_RM_06_CAVE;41,818848;12,947856
Lazio;Roma;SANT'ORESTE;POP_RM_16_SANT'ORESTE;42,232284;12,514821
Lazio;Roma;CAPENA;POP_RM_23_CAPENA;42,1381005;12,5464457
Lazio;Roma;SANT'ANGELO ROMANO;POP_RM_10_SANT'ANGELO_ROMANO;42,027447;12,693047
Lazio;Viterbo;GROTTE DI CASTRO;POP_VT_06_GROTTE_DI_CASTRO;42,6744825;11,8660956
Lazio;Viterbo;BLERA;POP_VT_11_BLERA;42,265931;12,025286
Lazio;Viterbo;CAPRAROLA;POP_VT_09_CAPRAROLA;42,3257;12,233303
Lazio;Viterbo;CIVITA CASTELLANA;POP_VT_05_CIVITA_CASTELLANA;42,322453;12,442909
Lazio;Viterbo;MARTA;POP_VT_04_MARTA;42,529331;11,921242
Lazio;Viterbo;SORIANO NEL CIMINO;POP_VT_08_SORIANO_NEL_CIMINO;42,442048;12,260737
Lazio;Viterbo;MONTE ROMANO;POP_VT_07_MONTE_ROMANO;42,273186;11,907142
Marche;Ancona;FABRIANO;POP_AN_03_FABRIANO;43,33942;12,999685
Marche;Ancona;CUPRAMONTANA;POP_AN_12_CUPRAMONTANA;43,448347;13,119181
Marche;Ancona;MONTE SAN VITO;POP_AN_08_MONTE_SAN_VITO;43,597993;13,284912
Marche;Ancona;SERRA SAN QUIRICO;POP_AN_06_SERRA_SAN_QUIRICO;43,46204;13,06059
Marche;Ascoli Piceno;ARQUATA DEL TRONTO;POP_AP_03_ARQUATA_DEL_TRONTO;42,773846;13,298324
Marche;Ascoli Piceno;CASTEL DI LAMA;POP_AP_04_CASTEL_DI_LAMA;42,861058;13,702416
Marche;Ascoli Piceno;COSSIGNANO;POP_AP_06_COSSIGNANO;42,9847826;13,6917081
Marche;Ascoli Piceno;FOLIGNANO;POP_AP_10_FOLIGNANO;42,8354123;13,633653
Marche;Ascoli Piceno;GROTTAMMARE;POP_AP_02_GROTTAMMARE;42,987688;13,858961
Marche;Ascoli Piceno;MONTEFIORE DELL'ASO;POP_AP_07_MONTEFIORE_DELL'ASO;43,050343;13,7526995
Marche;Ascoli Piceno;RIPATRANSONE;POP_AP_11_RIPATRANSONE;42,995406;13,768957
Marche;Ascoli Piceno;MONTALTO DELLE MARCHE;POP_AP_05_MONTALTO_DELLE_MARCHE;42,988329;13,605985
Marche;Fermo;AMANDOLA;POP_FM_02_AMANDOLA;42,972585;13,361012
Marche;Fermo;MONTELPARO;POP_FM_04_MONTELPARO;43,0169631;13,5377161
Marche;Fermo;MONTE RINALDO;POP_FM_08_MONTE_RINALDO;43,028083;13,590306
Marche;Macerata;USSITA;POP_MC_05_USSITA;42,944021;13,138184
Marche;Macerata;CALDAROLA;POP_MC_08_CALDAROLA;43,1454891;13,2252458
Marche;Macerata;PIORACO;POP_MC_07_PIORACO;43,179004;12,979787
Marche;Pesaro Urbino;MONTEFELCINO;POP_PU_07_MONTEFELCINO;43,714247;12,855114
Marche;Pesaro Urbino;ORCIANO DI PESARO;POP_PU_10_ORCIANO_DI_PESARO;43,6791598;12,9501604
Marche;Pesaro Urbino;PIOBBICO;POP_PU_08_PIOBBICO;43,585245;12,5066102
Molise;Campobasso;CASTELBOTTACCIO;POP_CB_13_CASTELBOTTACCIO;41,74863;14,70956
Molise;Campobasso;SALCITO;POP_CB_05_SALCITO;41,74528;14,51346
Molise;Campobasso;SAN GIULIANO DEL SANNIO;POP_CB_07_SAN_GIULIANO_DEL_SANNIO;41,461308;14,645603
Molise;Campobasso;MATRICE;POP_CB_10_MATRICE;41,6147222;14,7093611
Molise;Campobasso;JELSI;POP_CB_06_JELSI;41,51991;14,793551
Molise;Campobasso;SANT'ELIA A PIANISI;POP_CB_17_SANT'ELIAAPIANISI;41,62272;14,87747
Molise;Campobasso;PETRELLA TIFERNINA;POP_CB_18_PETRELLATIFERNINA;41,696684;14,700781
Molise;Campobasso;CERCEMAGGIORE;POP_CB_19_CERCEMAGGIORE;41,453681;14,715686
Molise;Campobasso;GAMBATESA;POP_CB_24_GAMBATESA;41,509389;14,910133
Molise;Campobasso;MIRABELLO SANNITICO;POP_CB_20_MIRABELLO_SANNITICO;41,518335;14,663283
Molise;Isernia;CAPRACOTTA;POP_IS_06_CAPRACOTTA;41,83387;14,26796
Molise;Isernia;MONTAQUILA;POP_IS_13_MONTAQUILA;41,520637;14,127857
Toscana;Arezzo;CASTEL FOCOGNANO;POP_AR_04_CASTEL FOCOGNANO;43,647985;11,836078
Toscana;Arezzo;ANGHIARI;POP_AR_02_ANGHIARI;43,53056;12,09414
Toscana;Arezzo;BADIA TEDALDA;POP_AR_03_BADIA TEDALDA;43,704079;12,186403
Toscana;Arezzo;CAPOLONA;POP_AR_13_CAPOLONA;43,5665028;11,8625583
Toscana;Arezzo;CASTEL SAN NICCOLO';POP_AR_08_CASTEL_SAN_NICCOLO;43,740153;11,737206
Toscana;Arezzo;LORO CIUFFENNA;POP_AR_11_LORO_CIUFFENNA;43,5844611;11,6212639
Toscana;Arezzo;LUCIGNANO;POP_AR_10_LUCIGNANO;43,260238;11,751428
Toscana;Firenze;TAVARNELLE VAL DI PESA;POP_FI_10_TAVARNELLE VAL DI PESA;43,563991;11,180617
Toscana;Firenze;EMPOLI;POP_FI_02_EMPOLI;43,706128;10,897089
Toscana;Firenze;BAGNO A RIPOLI;POP_FI_03_BAGNO A RIPOLI;43,722669;11,320425
Toscana;Firenze;PALAZZUOLO SUL SENIO;POP_FI_07_PALAZZUOLO SUL SENIO;44,110936;11,548857
Toscana;Firenze;GAMBASSI TERME;POP_FI_13_GAMBASSI TERME;43,53214;10,94726
Toscana;Firenze;FIRENZUOLA;POP_FI_11_FIRENZUOLA;44,11663;11,38123
Toscana;Firenze;LASTRA A SIGNA;POP_FI_05_LASTRA_A_SIGNA;43,7434445;11,0641945
Toscana;Firenze;MARRADI;POP_FI_12_MARRADI;44,08407;11,623806
Toscana;Firenze;RUFINA;POP_FI_06_RUFINA;43,842772;11,499269
Toscana;Firenze;SCARPERIA E SAN PIERO;POP_FI_08_SCARPERIA_E_SAN_PIERO;43,976145;11,332931
Toscana;Grosseto;PITIGLIANO;POP_GR_02_PITIGLIANO;42,633858;11,674569
Toscana;Grosseto;SANTA FIORA;POP_GR_04_SANTAFIORA;42,843161;11,560333
Toscana;Grosseto;SCANSANO;POP_GR_08_SCANSANO;42,69269;11,32372
Toscana;Grosseto;GROSSETO;POP_GR_10_GROSSETO;42,697178;11,004743
Toscana;Grosseto;CAMPAGNATICO;POP_GR_14_CAMPAGNATICO;42,7984;11,249394
Toscana;Grosseto;CASTIGLIONE DELLA PESCAIA;POP_GR_13_CASTIGLIONE_DELLA_PESCAIA;42,7756083;10,8430278
Toscana;Grosseto;MAGLIANO IN TOSCANA;POP_GR_05_MAGLIANO_IN_TOSCANA;42,635714;11,228425
Toscana;Grosseto;MANCIANO;POP_GR_12_MANCIANO;42,587845;11,521615
Toscana;Livorno;SAN VINCENZO;POP_LI_04_SANVINCENZO;43,103033;10,541825
Toscana;Livorno;CAPOLIVERI;POP_LI_02_CAPOLIVERI;42,74864;10,38245
Toscana;Livorno;RIO MARINA;POP_LI_10_RIO_MARINA;42,812687;10,409943
Toscana;Lucca;CAMAIORE;POP_LU_06_CAMAIORE;43,936068;10,25113
Toscana;Lucca;PIEVE FOSCIANA;POP_LU_04_PIEVE FOSCIANA;44,133199;10,41462
Toscana;Massa Carrara;PONTREMOLI;POP_MS_02_PONTREMOLI;44,35921;9,899811
Toscana;Pisa;SAN GIULIANO TERME;POP_PI_07_SAN_GIULIANO_TERME;43,7395389;10,4089
Toscana;Pisa;TERRICCIOLA;POP_PI_03_TERRICCIOLA;43,545067;10,702254
Toscana;Pisa;CASCIANA TERME LARI;POP_PI_02_CASCIANA_TERME_LARI;43,6038444;10,5959583
Toscana;Pisa;CASTELNUOVO DI VAL DI CECINA;POP_PI_05_CASTELNUOVO_DI_VAL_DI_CECINA;43,216693;10,899243
Toscana;Pisa;FAUGLIA;POP_PI_08_FAUGLIA;43,5513028;10,5070388
Toscana;Pisa;MONTESCUDAIO;POP_PI_11_MONTESCUDAIO;43,313615;10,545093
Toscana;Pisa;MONTOPOLI IN VAL D'ARNO;POP_PI_04_MONTOPOLI IN VAL D'ARNO;43,675858;10,729831
Toscana;Pistoia;MONTALE;POP_PT_04_MONTALE;43,913148;11,016293
Toscana;Prato;POGGIO A CAIANO;POP_PO_03_POGGIO_A_CAIANO;43,8293583;11,0396889
Toscana;Siena;CASOLE D'ELSA;POP_SI_03_CASOLE D'ELSA;43,3364306;11,0471694
Toscana;Siena;MONTALCINO;POP_SI_05_MONTALCINO;43,08663;11,54441
Toscana;Siena;CHIANCIANO TERME;POP_SI_04_CHIANCIANO TERME;43,036459;11,81881
Toscana;Siena;SAN CASCIANO DEI BAGNI;POP_SI_10_SAN_CASCIANO_DEI_BAGNI;42,865521;11,874429
Umbria;Perugia;CERRETO DI SPOLETO;POP_PG_07_CERRETO_DI_SPOLETO;42,832113;12,927775
Umbria;Perugia;MONTONE;POP_PG_11_MONTONE;43,363486;12,324602
Umbria;Perugia;PANICALE;POP_PG_13_PANICALE;42,9958082;12,1149755
Umbria;Perugia;BEVAGNA;POP_PG_22_BEVAGNA;42,938393;12,612213
Umbria;Perugia;CAMPELLO SUL CLITUNNO;POP_PG_03_CAMPELLO_SUL_CLITUNNO;42,8253188;12,7686983
Umbria;Perugia;COSTACCIARO;POP_PG_19_COSTACCIARO;43,3561;12,7133
Umbria;Perugia;FRATTA TODINA;POP_PG_14_FRATTA_TODINA;42,8512;12,378
Umbria;Perugia;MONTEFALCO;POP_PG_23_MONTEFALCO;42,8538083;12,6786706
Umbria;Perugia;MONTELEONE DI SPOLETO;POP_PG_15_MONTELEONE_DI_SPOLETO;42,6480447;12,9430197
Umbria;Perugia;SANT'ANATOLIA DI NARCO;POP_PG_02_SANT'ANATOLIA_DI_NARCO;42,7348572;12,8355007
Umbria;Perugia;TORGIANO;POP_PG_01_TORGIANO;43,029845;12,444091
Umbria;Perugia;VALFABBRICA;POP_PG_05_VALFABBRICA;43,159572;12,596639
Umbria;Terni;GUARDEA;POP_TR_03_GUARDEA;42,621747;12,30306
Umbria;Terni;PARRANO;POP_TR_06_PARRANO;42,865439;12,108432
Umbria;Terni;ARRONE;POP_TR_01_ARRONE;42,581451;12,7531421
Umbria;Terni;BASCHI;POP_TR_10_BASCHI;42,7091274;12,2832302
Umbria;Terni;CASTEL GIORGIO;POP_TR_07_CASTEL_GIORGIO;42,7103031;11,9790824
Umbria;Terni;CASTEL VISCARDO;POP_TR_05_CASTEL_VISCARDO;42,7658906;12,0376712
Umbria;Terni;FABRO;POP_TR_08_FABRO;42,8730461;12,0462446
Umbria;Terni;MONTECASTRILLI;POP_TR_02_MONTECASTRILLI;42,6499788;12,4889935
Umbria;Terni;PENNA IN TEVERINA;POP_TR_09_PENNA_IN_TEVERINA;42,4918586;12,3555184
Umbria;Terni;PORANO;POP_TR_14_PORANO;42,6788659;12,0947594
Umbria;Terni;SAN VENANZO;POP_TR_11_SAN_VENANZO;42,870911;12,270685
Emilia Romagna;Bologna;BORGO TOSSIGNANO;POP_BO_03_BORGO TOSSIGNANO;44,277864;11,593953
Emilia Romagna;Bologna;ARGELATO;POP_BO_04_ARGELATO;44,594524;11,371751
Emilia Romagna;Bologna;BARICELLA;POP_BO_05_BARICELLA;44,6492785;11,5378201
Emilia Romagna;Bologna;VALSAMOGGIA;POP_BO_10_VALSAMOGGIA;44,435525;11,0484333
Emilia Romagna;Bologna;VALSAMOGGIA;POP_BO_14_VALSAMOGGIA;44,5095397;11,1086992
Emilia Romagna;Bologna;GALLIERA;POP_BO_09_GALLIERA;44,7416151;11,4355113
Emilia Romagna;Bologna;SAN GIOVANNI IN PERSICETO;POP_BO_13_SAN_GIOVANNI_IN_PERSICETO;44,591785;11,182053
Emilia Romagna;Ferrara;BERRA;POP_FE_03_BERRA;44,969031;11,901086
Emilia Romagna;Ferrara;LAGOSANTO;POP_FE_05_LAGOSANTO;44,769528;12,142433
Emilia Romagna;Ferrara;MESOLA;POP_FE_02_MESOLA;44,877202;12,225807
Emilia Romagna;Ferrara;RO;POP_FE_11_RO;44,945796;11,763562
Emilia Romagna;Forli Cesena;SOGLIANO AL RUBICONE;POP_FC_02_SOGLIANO AL RUBICONE;44,011405;12,203902
Emilia Romagna;Forli Cesena;GALEATA;POP_FC_04_GALEATA;43,994192;11,909597
Emilia Romagna;Forli Cesena;PREDAPPIO;POP_FC_06_PREDAPPIO;44,111371;11,984978
Emilia Romagna;Forli Cesena;CASTROCARO TERME E TERRA DEL SOLE;POP_FC_09_CASTROCARO_TERME;44,1752446;11,9524957
Emilia Romagna;Modena;SESTOLA;POP_MO_04_SESTOLA;44,230216;10,781048
Emilia Romagna;Modena;RAVARINO;POP_MO_05_RAVARINO;44,724364;11,093807
Emilia Romagna;Modena;ZOCCA;POP_MO_06_ZOCCA;44,333687;11,016806
Emilia Romagna;Modena;CARPI;POP_MO_08_CARPI;44,846122;10,908978
Emilia Romagna;Modena;MARANO SUL PANARO;POP_MO_14_MARANO_SUL_PANARO;44,4585171;10,9690182
Emilia Romagna;Modena;PALAGANO;POP_MO_02_PALAGANO;44,3475529;10,6572861
Emilia Romagna;Parma;BORE;POP_PR_07_BORE;44,722948;9,79641
Emilia Romagna;Piacenza;ALSENO;POP_PC_06_ALSENO;44,9003333;9,9630527
Emilia Romagna;Piacenza;PIANELLO VAL TIDONE;POP_PC_07_PIANELLO VAL TIDONE;44,9470778;9,4151861
Emilia Romagna;Piacenza;VILLANOVA SULL'ARDA;POP_PC_08_VILLANOVA SULL'ARDA;45,018128;10,010204
Emilia Romagna;Piacenza;FERRIERE;POP_PC_10_FERRIERE;44,6448289;9,4967486
Emilia Romagna;Piacenza;BETTOLA;POP_PC_04_BETTOLA;44,749403;9,643879
Emilia Romagna;Piacenza;CASTELL'ARQUATO;POP_PC_11_CASTELL'ARQUATO;44,8525125;9,8762067
Emilia Romagna;Piacenza;CASTELVETRO PIACENTINO;POP_PC_12_CASTELVETRO_PIACENTINO;45,1038364;9,9844201
Emilia Romagna;Ravenna;LUGO;POP_RA_05_LUGO;44,512476;11,888113
Emilia Romagna;Ravenna;BRISIGHELLA;POP_RA_03_BRISIGHELLA;44,2264979;11,7814492
Emilia Romagna;Reggio Emilia;SAN POLO D'ENZA;POP_RE_03_SAN POLO D'ENZA;44,631551;10,432104
Emilia Romagna;Reggio Emilia;BUSANA;POP_RE_07_BUSANA;44,36656;10,3227
Emilia Romagna;Reggio Emilia;CADELBOSCO DI SOPRA;POP_RE_12_CADELBOSCO_DI_SOPRA;44,8026892;10,6211668
Emilia Romagna;Reggio Emilia;CARPINETI;POP_RE_08_CARPINETI;44,4658899;10,5174431
Emilia Romagna;Reggio Emilia;SCANDIANO;POP_RE_06_SCANDIANO;44,61884;10,7252774
Emilia Romagna;Reggio Emilia;VETTO;POP_RE_09_VETTO;44,453254;10,361293
Emilia Romagna;Reggio Emilia;VILLA MINOZZO;POP_RE_10_VILLA_MINOZZO;44,4013326;10,4653208
Emilia Romagna;Rimini;SAN CLEMENTE;POP_RN_02_SAN CLEMENTE;43,9114639;12,6255166
Emilia Romagna;Rimini;PENNABILLI;POP_RN_05_PENNABILLI;43,8185576;12,2654243
Friuli Venezia Giulia;Gorizia;FARRA D'ISONZO;POP_GO_01_FARRA_D'ISONZO;45,902586;13,52102
Friuli Venezia Giulia;Gorizia;DOLEGNA DEL COLLIO;POP_GO_02_DOLEGNA_DEL_COLLIO;46,032028;13,480336
Friuli Venezia Giulia;Pordenone;TRAVESIO;POP_PN_03_TRAVESIO;46,195662;12,869693
Friuli Venezia Giulia;Pordenone;CLAUT;POP_PN_04_CLAUT;46,267067;12,463862
Friuli Venezia Giulia;Pordenone;MONTEREALE VALCELLINA;POP_PN_05_MONTEREALE_VALCELLINA;46,150225;12,660094
Friuli Venezia Giulia;Pordenone;BRUGNERA;POP_PN_01_BRUGNERA;45,920715;12,56733
Friuli Venezia Giulia;Pordenone;FANNA;POP_PN_08_FANNA;46,18796;12,7548
Friuli Venezia Giulia;Pordenone;POLCENIGO;POP_PN_07_POLCENIGO;46,011469;12,522383
Friuli Venezia Giulia;Pordenone;SAN GIORGIO DELLA RICHINVELDA;POP_PN_06_SAN_GIORGIO;46,04679;12,865403
Friuli Venezia Giulia;Pordenone;SESTO AL REGHENA;POP_PN_02_SESTO_AL_REGHENA;45,85428;12,808882
Friuli Venezia Giulia;Pordenone;TRAMONTI DI SOTTO;POP_PN_09_TRAMONTI_DI_SOTTO;46,2938;12,799481
Friuli Venezia Giulia;Udine;AMPEZZO;POP_UD_03_AMPEZZO;46,4166333;12,8010611
Friuli Venezia Giulia;Udine;COMEGLIANS;POP_UD_07_COMEGLIANS;46,513714;12,867028
Friuli Venezia Giulia;Udine;MALBORGHETTO VALBRUNA;POP_UD_09_MALBORGHETTO_VALBRUNA;46,509702;13,478373
Friuli Venezia Giulia;Udine;PALUZZA;POP_UD_10_PALUZZA;46,526534;13,010054
Friuli Venezia Giulia;Udine;RESIUTTA;POP_UD_11_RESIUTTA;46,393266;13,218288
Friuli Venezia Giulia;Udine;TRASAGHIS;POP_UD_12_TRASAGHIS;46,277588;13,06562
Friuli Venezia Giulia;Udine;LUSEVERA;POP_UD_14_LUSEVERA;46,265571;13,264786
Friuli Venezia Giulia;Udine;MAJANO;POP_UD_04_MAJANO;46,182143;13,055118
Friuli Venezia Giulia;Udine;MORUZZO;POP_UD_01_MORUZZO;46,122394;13,139161
Friuli Venezia Giulia;Udine;PALAZZOLO DELLO STELLA;POP_UD_08_PALAZZOLO_DELLO_STELLA;45,803535;13,083464
Friuli Venezia Giulia;Udine;PALMANOVA;POP_UD_02_PALMANOVA;45,8983041;13,3081854
Friuli Venezia Giulia;Udine;REMANZACCO;POP_UD_05_REMANZACCO;46,08678;13,31581
Friuli Venezia Giulia;Udine;SEDEGLIANO;POP_UD_15_SEDEGLIANO;46,016179;12,972427
Friuli Venezia Giulia;Udine;FIUMICELLO;POP_UD_16_FIUMICELLO;45,806299;13,416312
Friuli Venezia Giulia;Udine;FORGARIA NEL FRIULI;POP_UD_18_FORGARIA_NEL_FRIULI;46,204944;12,959893
Trentino Alto Adige;Trento;ROVERETO;POP_TN_02_ROVERETO;45,8904556;11,0290472
Trentino Alto Adige;Trento;ALA;POP_TN_03_ALA;45,810274;11,004998
Trentino Alto Adige;Trento;COMANO TERME;POP_TN_05_COMANO_TERME;46,03478;10,86015
Trentino Alto Adige;Trento;COMMEZZADURA;POP_TN_22_COMMEZZADURA;46,31773;10,82661
Trentino Alto Adige;Trento;PERGINE VALSUGANA;POP_TN_09_PERGINE_VALSUGANA;46,0630056;11,2320833
Trentino Alto Adige;Trento;PIEVE DI BONO;POP_TN_31_PIEVE_DI_BONO;45,94313;10,64169
Trentino Alto Adige;Trento;POZZA DI FASSA;POP_TN_11_POZZA_DI_FASSA;46,42057;11,6849
Trentino Alto Adige;Trento;RIVA DEL GARDA;POP_TN_27_RIVA_DEL_GARDA;45,89195;10,84545
Trentino Alto Adige;Trento;SANZENO;POP_TN_28_SANZENO;46,38128;11,08691
Trentino Alto Adige;Trento;TESERO;POP_TN_19_TESERO;46,284514;11,511964
Trentino Alto Adige;Trento;ALBIANO;POP_TN_10_ALBIANO;46,13916;11,19437
Trentino Alto Adige;Trento;AVIO;POP_TN_25_AVIO;45,73904;10,94919
Trentino Alto Adige;Trento;BOCENAGO;POP_TN_26_BOCENAGO;46,1299;10,76289
Trentino Alto Adige;Trento;BORGO VALSUGANA;POP_TN_42_BORGO_VALSUGANA;46,05714;11,46286
Trentino Alto Adige;Trento;CALDONAZZO;POP_TN_33_CALDONAZZO;45,98416;11,26847
Trentino Alto Adige;Trento;CASTELLO TESINO;POP_TN_41_CASTELLO_TESINO;46,0722;11,62095
Trentino Alto Adige;Trento;CAVARENO;POP_TN_23_CAVARENO;46,401124;11,1310133
Trentino Alto Adige;Trento;CEMBRA;POP_TN_14_CEMBRA;46,169717;11,210174
Trentino Alto Adige;Trento;CLES;POP_TN_13_CLES;46,342711;11,027289
Trentino Alto Adige;Trento;FAI DELLA PAGANELLA;POP_TN_40_FAI_DELLA_PAGANELLA;46,18645;11,07477
Trentino Alto Adige;Trento;FIERA DI PRIMIERO;POP_TN_38_FIERA_DI_PRIMIERO;46,1725;11,82769
Trentino Alto Adige;Trento;LASINO;POP_TN_04_LASINO;46,01869;10,98085
Trentino Alto Adige;Trento;LAVIS;POP_TN_37_LAVIS;46,15448;11,10103
Trentino Alto Adige;Trento;LEDRO;POP_TN_12_LEDRO;45,89354;10,71622
Trentino Alto Adige;Trento;MALE';POP_TN_24_MALE;46,354101;10,916803
Trentino Alto Adige;Trento;MEZZOLOMBARDO;POP_TN_17_MEZZOLOMBARDO;46,2083;11,09588
Trentino Alto Adige;Trento;MOLVENO;POP_TN_39_MOLVENO;46,14261;10,96349
Trentino Alto Adige;Trento;OSSANA;POP_TN_46_OSSANA;46,31233;10,73042
Trentino Alto Adige;Trento;PINZOLO;POP_TN_16_PINZOLO;46,16427;10,76147
Trentino Alto Adige;Trento;PREORE;POP_TN_06_PREORE;46,04509;10,75263
Trentino Alto Adige;Trento;REVO';POP_TN_29_REVO;46,39401;11,05216
Trentino Alto Adige;Trento;RONZONE;POP_TN_47_RONZONE;46,42031;11,14521
Trentino Alto Adige;Trento;TERRAGNOLO;POP_TN_32_TERRAGNOLO;45,88078;11,15215
Trentino Alto Adige;Trento;VALLARSA;POP_TN_20_VALLARSA;45,7935361;11,1072361
Trentino Alto Adige;Trento;VILLA AGNEDO;POP_TN_18_VILLA_AGNEDO;46,05466;11,52365
Trentino Alto Adige;Trento;ZIANO DI FIEMME;POP_TN_45_ZIANO_DI_FIEMME;46,28531;11,55713
Veneto;Belluno;PUOS D'ALPAGO;POP_BL_02_PUOS D'ALPAGO;46,14418;12,38031
Veneto;Belluno;FALCADE;POP_BL_06_FALCADE;46,3577;11,887514
Veneto;Belluno;AGORDO;POP_BL_09_AGORDO;46,27799;12,036552
Veneto;Belluno;ALANO DI PIAVE;POP_BL_10_ALANO DI PIAVE;45,90864;11,923755
Veneto;Belluno;FONZASO;POP_BL_11_FONZASO;46,0144111;11,797625
Veneto;Belluno;COMELICO SUPERIORE;POP_BL_19_COMELICO_SUPERIORE;46,615039;12,474895
Veneto;Belluno;FORNO DI ZOLDO;POP_BL_08_FORNO_DI_ZOLDO;46,347525;12,19305
Veneto;Belluno;LONGARONE;POP_BL_15_LONGARONE;46,257332;12,300008
Veneto;Belluno;SANTA GIUSTINA;POP_BL_17_SANTA_GIUSTINA;46,078182;12,037845
Veneto;Belluno;TAMBRE;POP_BL_16_TAMBRE;46,127519;12,420457
Veneto;Belluno;VIGO DI CADORE;POP_BL_05_VIGO_DI_CADORE;46,487872;12,458334
Veneto;Padova;OSPEDALETTO EUGANEO;POP_PD_10_OSPEDALETTO EUGANEO;45,225252;11,576203
Veneto;Padova;BAGNOLI DI SOPRA;POP_PD_06_BAGNOLI DI SOPRA;45,183198;11,922106
Veneto;Padova;ARQUA' PETRARCA;POP_PD_09_ARQUA_PETRARCA;45,266438;11,71202
Veneto;Padova;CARTURA;POP_PD_05_CARTURA;45,281935;11,866281
Veneto;Padova;CASALSERUGO;POP_PD_03_CASALSERUGO;45,309612;11,915752
Veneto;Padova;CODEVIGO;POP_PD_15_CODEVIGO;45,272036;12,091942
Veneto;Padova;GRANZE;POP_PD_11_GRANZE;45,147355;11,712765
Veneto;Padova;VEGGIANO;POP_PD_08_VEGGIANO;45,410281;11,715111
Veneto;Padova;VILLAFRANCA PADOVANA;POP_PD_12_VILLAFRANCA_PADOVANA;45,493871;11,786571
Veneto;Padova;VO';POP_PD_13_VO;45,325775;11,638113
Veneto;Rovigo;PORTO TOLLE;POP_RO_07_PORTOTOLLE;44,9488;12,329664
Veneto;Rovigo;TRECENTA;POP_RO_02_TRECENTA;45,023255;11,440236
Veneto;Rovigo;FIESSO UMBERTIANO;POP_RO_03_FIESSO UMBERTIANO;44,94501;11,625372
Veneto;Rovigo;BADIA POLESINE;POP_RO_05_BADIA POLESINE;45,076456;11,481604
Veneto;Rovigo;CEREGNANO;POP_RO_06_CEREGNANO;45,0458;11,891109
Veneto;Rovigo;CORBOLA;POP_RO_09_CORBOLA;45,010656;12,0935
Veneto;Rovigo;PAPOZZE;POP_RO_10_PAPOZZE;44,99062;12,030393
Veneto;Rovigo;VILLANOVA DEL GHEBBO;POP_RO_12_VILLANOVA_DEL_GHEBBO;45,060222;11,638977
Veneto;Treviso;FONTANELLE;POP_TV_07_FONTANELLE;45,828981;12,475254
Veneto;Treviso;CASALE SUL SILE;POP_TV_10_CASALE_SUL_SILE;45,632389;12,313
Veneto;Treviso;CASTELCUCCO;POP_TV_05_CASTELCUCCO;45,824344;11,879975
Veneto;Treviso;CORDIGNANO;POP_TV_12_CORDIGNANO;45,950581;12,414737
Veneto;Treviso;TARZO;POP_TV_02_TARZO;45,976697;12,229723
Veneto;Venezia;CAMPOLONGO MAGGIORE;POP_VE_04_CAMPOLONGO_MAGGIORE;45,33738;12,084124
Veneto;Venezia;CONCORDIA SAGITTARIA;POP_VE_05_CONCORDIA_SAGITTARIA;45,7632056;12,8190917
Veneto;Venezia;FIESSO D'ARTICO;POP_VE_02_FIESSO_D'ARTICO;45,423192;12,020951
Veneto;Venezia;MUSILE DI PIAVE;POP_VE_07_MUSILE_DI_PIAVE;45,616016;12,53448
Veneto;Verona;BADIA CALAVENA;POP_VR_13_BADIA_CALAVENA;45,552863;11,153532
Veneto;Verona;ALBAREDO D'ADIGE;POP_VR_03_ALBAREDO_D'ADIGE;45,32013;11,284046
Veneto;Verona;CERRO VERONESE;POP_VR_14_CERRO_VERONESE;45,583473;11,037859
Veneto;Verona;CONCAMARISE;POP_VR_19_CONCAMARISE;45,183956;11,128383
Veneto;Verona;GARDA;POP_VR_16_GARDA;45,57856;10,724011
Veneto;Verona;ISOLA DELLA SCALA;POP_VR_02_ISOLA_DELLA_SCALA;45,281353;10,992338
Veneto;Verona;MONTECCHIA DI CROSARA;POP_VR_07_MONTECCHIA_DI_CROSARA;45,478097;11,259856
Veneto;Verona;OPPEANO;POP_VR_20_OPPEANO;45,33025;11,078556
Veneto;Verona;PASTRENGO;POP_VR_12_PASTRENGO;45,480628;10,789907
Veneto;Verona;RIVOLI VERONESE;POP_VR_06_RIVOLI_VERONESE;45,551045;10,805961
Veneto;Verona;TORRI DEL BENACO;POP_VR_08_TORRI_DEL_BENACO;45,634708;10,70317
Veneto;Verona;VILLA BARTOLOMEA;POP_VR_05_VILLA_BARTOLOMEA;45,152003;11,35854
Veneto;Vicenza;ASIAGO;POP_VI_03_ASIAGO;45,8690389;11,5028778
Veneto;Vicenza;SOSSANO;POP_VI_15_SOSSANO;45,351319;11,497878
Veneto;Vicenza;SANDRIGO;POP_VI_07_SANDRIGO;45,665753;11,573417
Veneto;Vicenza;ENEGO;POP_VI_09_ENEGO;45,938173;11,712719
Veneto;Vicenza;ARSIERO;POP_VI_11_ARSIERO;45,8137049;11,363602
Veneto;Vicenza;CASTELGOMBERTO;POP_VI_12_CASTELGOMBERTO;45,56807;11,38926
Veneto;Vicenza;MONTORSO VICENTINO;POP_VI_20_MONTORSO_VICENTINO;45,484761;11,365933
Veneto;Vicenza;SANTORSO;POP_VI_13_SANTORSO;45,730629;11,388685
Veneto;Vicenza;SARCEDO;POP_VI_04_SARCEDO;45,70563;11,51356
Veneto;Vicenza;SOVIZZO;POP_VI_14_SOVIZZO;45,521513;11,445681
Veneto;Vicenza;VILLAVERLA;POP_VI_06_VILLAVERLA;45,639133;11,485905
Veneto;Vicenza;ZANE';POP_VI_16_ZANE;45,7237534;11,460384
Liguria;Genova;MASONE;POP_GE_02_MASONE;44,505368;8,712325
Liguria;Genova;SANT'OLCESE;POP_GE_08_SANT'OLCESE;44,472445;8,957889
Liguria;Imperia;MENDATICA;POP_IM_02_MENDATICA;44,080708;7,804844
Liguria;La Spezia;VEZZANO LIGURE;POP_SP_02_VEZZANO_LIGURE;44,1306231;9,8898994
Liguria;Savona;CALIZZANO;POP_SV_05_CALIZZANO;44,234457;8,118243
Liguria;Savona;ORTOVERO;POP_SV_06_ORTOVERO;44,0542578;8,0541815
Liguria;Savona;SASSELLO;POP_SV_07_SASSELLO;44,478472;8,493833
Liguria;Savona;COSSERIA;POP_SV_04_COSSERIA;44,368011;8,236444
Liguria;Savona;DEGO;POP_SV_08_DEGO;44,443649;8,308904
Lombardia;Bergamo;SERINA;POP_BG_06_SERINA;45,876306;9,731979
Lombardia;Bergamo;VERTOVA;POP_BG_07_VERTOVA;45,814254;9,851179
Lombardia;Bergamo;VILMINORE DI SCALVE;POP_BG_10_VILMINORE_DI_SCALVE;45,996414;10,095296
Lombardia;Bergamo;SPINONE AL LAGO;POP_BG_11_SPINONE AL LAGO;45,764032;9,919037
Lombardia;Bergamo;ALMENNO SAN BARTOLOMEO;POP_BG_15_ALMENNO_SAN_BARTOLOMEO;45,72903;9,583967
Lombardia;Bergamo;CALVENZANO;POP_BG_12_CALVENZANO;45,493995;9,604699
Lombardia;Bergamo;CASTIONE DELLA PRESOLANA;POP_BG_22_CASTIONE DELLA PRESOLANA;45,899254;10,018921
Lombardia;Bergamo;MEDOLAGO;POP_BG_03_MEDOLAGO;45,672028;9,498188
Lombardia;Bergamo;PARRE;POP_BG_19_PARRE;45,875786;9,897479
Lombardia;Bergamo;SELVINO;POP_BG_21_SELVINO;45,78318;9,74645
Lombardia;Bergamo;TORRE BOLDONE;POP_BG_16_TORRE_BOLDONE;45,71186;9,712418
Lombardia;Brescia;TIGNALE;POP_BS_10_TIGNALE;45,747617;10,732151
Lombardia;Brescia;ISEO;POP_BS_11_ISEO;45,67514;10,082465
Lombardia;Brescia;ARTOGNE;POP_BS_16_ARTOGNE;45,845697;10,163212
Lombardia;Brescia;AZZANO MELLA;POP_BS_18_AZZANO_MELLA;45,464577;10,113701
Lombardia;Brescia;CELLATICA;POP_BS_25_CELLATICA;45,569575;10,178541
Lombardia;Brescia;GAMBARA;POP_BS_17_GAMBARA;45,249533;10,299148
Lombardia;Brescia;OSSIMO;POP_BS_21_OSSIMO;45,944998;10,22756
Lombardia;Brescia;PARATICO;POP_BS_23_PARATICO;45,655178;9,963654
Lombardia;Brescia;TRENZANO;POP_BS_09_TRENZANO;45,477769;9,999033
Lombardia;Como;APPIANO GENTILE;POP_CO_02_APPIANO_GENTILE;45,730054;8,9835934
Lombardia;Como;CANZO;POP_CO_04_CANZO;45,842146;9,259356
Lombardia;Como;BINAGO;POP_CO_07_BINAGO;45,785947;8,921659
Lombardia;Como;GRAVEDONA ED UNITI;POP_CO_10_GRAVEDONA ED UNITI;46,140931;9,302899
Lombardia;Como;ALBESE CON CASSANO;POP_CO_19_ALBESE_CON_CASSANO;45,788553;9,155902
Lombardia;Como;AROSIO;POP_CO_21_AROSIO;45,721698;9,20499
Lombardia;Como;BELLAGIO;POP_CO_15_BELLAGIO;45,976758;9,259522
Lombardia;Como;BREGNANO;POP_CO_03_BREGNANO;45,695269;9,058431
Lombardia;Como;CABIATE;POP_CO_17_CABIATE;45,668481;9,182254
Lombardia;Como;FINO MORNASCO;POP_CO_13_FINO_MORNASCO;45,746144;9,060212
Lombardia;Como;LOCATE VARESINO;POP_CO_16_LOCATE_VARESINO;45,692314;8,93557
Lombardia;Como;MASLIANICO;POP_CO_23_MASLIANICO;45,84198;9,052164
Lombardia;Como;TURATE;POP_CO_22_TURATE;45,652475;8,98601
Lombardia;Cremona;SONCINO;POP_CR_07_SONCINO;45,407468;9,864839
Lombardia;Cremona;ANNICCO;POP_CR_12_ANNICCO;45,238518;9,891361
Lombardia;Cremona;CASALE CREMASCO-VIDOLASCO;POP_CR_09_CASALE_CREMASCO;45,429077;9,7179
Lombardia;Cremona;DOVERA;POP_CR_13_DOVERA;45,361878;9,538892
Lombardia;Cremona;DRIZZONA;POP_CR_02_DRIZZONA;45,132896;10,353206
Lombardia;Cremona;MADIGNANO;POP_CR_06_MADIGNANO;45,344214;9,718257
Lombardia;Cremona;TRESCORE CREMASCO;POP_CR_11_TRESCORE_CREMASCO;45,401437;9,630244
Lombardia;Cremona;VESCOVATO;POP_CR_03_VESCOVATO;45,168427;10,170442
Lombardia;Lecco;TACENO;POP_LC_05_TACENO;46,021886;9,366394
Lombardia;Lecco;VIGANO';POP_LC_06_VIGANO;45,716982;9,321881
Lombardia;Lecco;ABBADIA LARIANA;POP_LC_08_ABBADIA_LARIANA;45,901898;9,337447
Lombardia;Lecco;CALCO;POP_LC_04_CALCO;45,721886;9,401198
Lombardia;Lecco;CASSAGO BRIANZA;POP_LC_03_CASSAGO_BRIANZA;45,744828;9,279114
Lombardia;Lecco;GARBAGNATE MONASTERO;POP_LC_02_GARBAGNATE_MONASTERO;45,764331;9,295571
Lombardia;Lodi;CAVENAGO D'ADDA;POP_LO_02_CAVENAGO_D'ADDA;45,271228;9,572458
Lombardia;Lodi;MALEO;POP_LO_04_MALEO;45,167563;9,757114
Lombardia;Mantova;GUIDIZZOLO;POP_MN_03_GUIDIZZOLO;45,317944;10,574437
Lombardia;Mantova;GAZOLDO DEGLI IPPOLITI;POP_MN_08_GAZOLDO_DEGLI_IPPOLITI;45,194232;10,584582
Lombardia;Mantova;RONCOFERRARO;POP_MN_07_RONCOFERRARO;45,139859;10,943484
Lombardia;Milano;SENAGO;POP_MI_02_SENAGO;45,581912;9,123309
Lombardia;Milano;GESSATE;POP_MI_05_GESSATE;45,552338;9,431863
Lombardia;Milano;BUBBIANO;POP_MI_07_BUBBIANO;45,327059;9,019515
Lombardia;Milano;DAIRAGO;POP_MI_03_DAIRAGO;45,560169;8,8661
Lombardia;Milano;LACCHIARELLA;POP_MI_10_LACCHIARELLA;45,325706;9,133604
Lombardia;Milano;VITTUONE;POP_MI_06_VITTUONE;45,493725;8,957519
Lombardia;Monza e della Brianza;BIASSONO;POP_MB_04_BIASSONO;45,625757;9,266514
Lombardia;Monza e della Brianza;CARNATE;POP_MB_03_CARNATE;45,651083;9,390106
Lombardia;Monza e della Brianza;CERIANO LAGHETTO;POP_MB_02_CERIANO_LAGHETTO;45,624415;9,078941
Lombardia;Monza e della Brianza;VERANO BRIANZA;POP_MB_05_VERANO_BRIANZA;45,691457;9,234408
Lombardia;Pavia;SANTA MARIA DELLA VERSA;POP_PV_04_SANTA MARIA DELLA VERSA;44,987879;9,303145
Lombardia;Pavia;MIRADOLO TERME;POP_PV_08_MIRADOLO TERME;45,170937;9,438145
Lombardia;Pavia;ARENA PO;POP_PV_15_ARENA_PO;45,087285;9,375101
Lombardia;Pavia;BRESSANA BOTTARONE;POP_PV_07_BRESSANA_BOTTARONE;45,087069;9,118296
Lombardia;Pavia;CILAVEGNA;POP_PV_03_CILAVEGNA;45,313341;8,752895
Lombardia;Pavia;ROBBIO;POP_PV_14_ROBBIO;45,284199;8,601944
Lombardia;Pavia;VALLE LOMELLINA;POP_PV_17_VALLE_LOMELLINA;45,154008;8,666857
Lombardia;Pavia;ZINASCO;POP_PV_10_ZINASCO;45,127502;9,026714
Lombardia;Sondrio;GROSIO;POP_SO_06_GROSIO;46,295209;10,273381
Lombardia;Sondrio;BORMIO;POP_SO_05_BORMIO;46,46882;10,359207
Lombardia;Sondrio;CASTIONE ANDEVENNO;POP_SO_12_CASTIONE_ANDEVENNO;46,165287;9,802565
Lombardia;Sondrio;CHIESA IN VALMALENCO;POP_SO_11_CHIESA_IN_VALMALENCO;46,270614;9,856559
Lombardia;Sondrio;MADESIMO;POP_SO_14_MADESIMO;46,430531;9,353941
Lombardia;Sondrio;TEGLIO;POP_SO_15_TEGLIO;46,169857;10,047995
Lombardia;Sondrio;VILLA DI TIRANO;POP_SO_03_VILLA_DI_TIRANO;46,213699;10,150664
Lombardia;Varese;ALBIZZATE;POP_VA_06_ALBIZZATE;45,724389;8,806487
Lombardia;Varese;BARASSO;POP_VA_11_BARASSO;45,835733;8,750664
Lombardia;Varese;GORLA MINORE;POP_VA_02_GORLA_MINORE;45,638993;8,908249
Piemonte;Alessandria;BOSIO;POP_AL_05_BOSIO;44,647594;8,790721
Piemonte;Alessandria;BALZOLA;POP_AL_13_BALZOLA;45,178682;8,401677
Piemonte;Alessandria;BASALUZZO;POP_AL_02_BASALUZZO;44,765724;8,707728
Piemonte;Alessandria;BISTAGNO;POP_AL_10_BISTAGNO;44,663244;8,371805
Piemonte;Alessandria;GABIANO;POP_AL_08_GABIANO;45,158328;8,176161
Piemonte;Asti;MONCALVO;POP_AT_03_MONCALVO;45,052446;8,262205
Piemonte;Asti;VIALE;POP_AT_10_VIALE;44,998091;8,057206
Piemonte;Asti;COSTIGLIOLE D'ASTI;POP_AT_05_COSTIGLIOLE_D'ASTI;44,761179;8,191264
Piemonte;Asti;VALFENERA;POP_AT_08_VALFENERA;44,906368;7,962484
Piemonte;Biella;MASSERANO;POP_BI_02_MASSERANO;45,5959705;8,2237326
Piemonte;Biella;TRIVERO;POP_BI_03_TRIVERO;45,667608;8,162174
Piemonte;Biella;ANDORNO MICCA;POP_BI_04_ANDORNO_MICCA;45,6047442;8,0535575
Piemonte;Biella;CERRIONE;POP_BI_05_CERRIONE;45,471203;8,095692
Piemonte;Cuneo;CARRU';POP_CN_04_CARRU;44,480989;7,867311
Piemonte;Cuneo;MONTEROSSO GRANA;POP_CN_08_MONTEROSSO_GRANA;44,4021044;7,3114952
Piemonte;Cuneo;ROCCAVIONE;POP_CN_12_ROCCAVIONE;44,318039;7,481159
Piemonte;Cuneo;SAMPEYRE;POP_CN_13_SAMPEYRE;44,577775;7,18644
Piemonte;Cuneo;VILLANOVA MONDOVI';POP_CN_16_VILLANOVA_MONDOVI;44,344978;7,779058
Piemonte;Cuneo;VINADIO;POP_CN_17_VINADIO;44,3051;7,176847
Piemonte;Cuneo;BERNEZZO;POP_CN_01_BERNEZZO;44,40193;7,476963
Piemonte;Cuneo;CANALE;POP_CN_07_CANALE;44,801911;8,017779
Piemonte;Cuneo;CASALGRASSO;POP_CN_10_CASALGRASSO;44,823882;7,628996
Piemonte;Cuneo;CENTALLO;POP_CN_02_CENTALLO;44,50118;7,590951
Piemonte;Cuneo;CEVA;POP_CN_15_CEVA;44,382076;8,031438
Piemonte;Cuneo;CHERASCO;POP_CN_22_CHERASCO;44,672444;7,842192
Piemonte;Cuneo;COSTIGLIOLE SALUZZO;POP_CN_18_COSTIGLIOLE_SALUZZO;44,557136;7,490924
Piemonte;Cuneo;DOGLIANI;POP_CN_20_DOGLIANI;44,532561;7,947122
Piemonte;Cuneo;PAESANA;POP_CN_24_PAESANA;44,68707;7,237701
Piemonte;Cuneo;PEVERAGNO;POP_CN_27_PEVERAGNO;44,337488;7,624607
Piemonte;Cuneo;REVELLO;POP_CN_25_REVELLO;44,652655;7,387851
Piemonte;Cuneo;SOMMARIVA DEL BOSCO;POP_CN_21_SOMMARIVA_DEL_BOSCO;44,776568;7,790996
Piemonte;Cuneo;VIOLA;POP_CN_23_VIOLA;44,291665;7,966695
Piemonte;Novara;INVORIO;POP_NO_03_INVORIO;45,755291;8,50132
Piemonte;Novara;LESA;POP_NO_05_LESA;45,826045;8,561687
Piemonte;Novara;SAN PIETRO MOSEZZO;POP_NO_01_SAN_PIETRO_MOSEZZO;45,459895;8,557907
Piemonte;Novara;VESPOLATE;POP_NO_06_VESPOLATE;45,343801;8,672292
Piemonte;Novara;SAN MAURIZIO D'OPAGLIO;POP_NO_04_SAN_MAURIZIO_D'OPAGLIO;45,772608;8,399975
Piemonte;Novara;CARPIGNANO SESIA;POP_NO_08_CARPIGNANO_SESIA;45,536566;8,421655
Piemonte;Torino;CHIANOCCO;POP_TO_11_CHIANOCCO;45,137197;7,160849
Piemonte;Torino;VIU';POP_TO_24_VIU;45,24185;7,379911
Piemonte;Torino;PONT-CANAVESE;POP_TO_19_PONT_CANAVESE;45,42088;7,60767
Piemonte;Torino;AGLIE';POP_TO_26_AGLIE;45,36128;7,76452
Piemonte;Torino;BORGARO TORINESE;POP_TO_27_BORGARO_TORINESE;45,15097;7,676366
Piemonte;Torino;CASTIGLIONE TORINESE;POP_TO_09_CASTIGLIONE_TORINESE;45,117346;7,805736
Piemonte;Torino;CERES;POP_TO_16_CERES;45,304664;7,396063
Piemonte;Torino;COAZZE;POP_TO_02_COAZZE;45,050681;7,306325
Piemonte;Torino;FIANO;POP_TO_20_FIANO;45,218316;7,522179
Piemonte;Torino;LESSOLO;POP_TO_06_LESSOLO;45,478126;7,830107
Piemonte;Torino;MERCENASCO;POP_TO_13_MERCENASCO;45,3563447;7,8417951
Piemonte;Torino;OULX;POP_TO_22_OULX;45,038952;6,825283
Piemonte;Torino;PECCO;POP_TO_15_PECCO;45,452646;7,773833
Piemonte;Torino;PERRERO;POP_TO_17_PERRERO;44,939397;7,107223
Piemonte;Torino;PISCINA;POP_TO_08_PISCINA;44,914918;7,420881
Piemonte;Torino;RIVARA;POP_TO_04_RIVARA;45,329821;7,62193
Piemonte;Torino;SAN SECONDO DI PINEROLO;POP_TO_30_SAN_SECONDO_DI_PINEROLO;44,866488;7,302889
Piemonte;Torino;VILLAR DORA;POP_TO_21_VILLAR_DORA;45,115713;7,388317
Piemonte;Torino;PIVERONE;POP_TO_25_PIVERONE;45,448413;8,009855
Piemonte;Torino;MORIONDO TORINESE;POP_TO_03_MORIONDO_TORINESE;45,042072;7,939513
Piemonte;Torino;TORRAZZA PIEMONTE;POP_TO_28_TORRAZZA_PIEMONTE;45,219664;7,977993
Piemonte;Verbania;CREVOLADOSSOLA;POP_VB_03_CREVOLADOSSOLA;46,132942;8,290778
Piemonte;Verbania;PREMIA;POP_VB_06_PREMIA;46,294275;8,361814
Piemonte;Verbania;ARIZZANO;POP_VB_01_ARIZZANO;45,954584;8,5737696
Piemonte;Verbania;BANNIO ANZINO;POP_VB_07_BANNIO_ANZINO;45,989787;8,14208
Piemonte;Verbania;BOGNANCO;POP_VB_09_BOGNANCO;46,121945;8,213389
Piemonte;Verbania;CANNOBIO;POP_VB_10_CANNOBIO;46,060213;8,692901
Piemonte;Verbania;SANTA MARIA MAGGIORE;POP_VB_04_SANTA_MARIA_MAGGIORE;46,135204;8,4442494
Piemonte;Verbania;SEPPIANA;POP_VB_11_SEPPIANA;46,046711;8,180173
Piemonte;Verbania;VALSTRONA;POP_VB_08_VALSTRONA;45,905672;8,3495869
Piemonte;Vercelli;BURONZO;POP_VC_03_BURONZO;45,4837108;8,2743982
Piemonte;Vercelli;BORGO VERCELLI;POP_VC_13_BORGO_VERCELLI;45,3601105;8,4743009
Piemonte;Vercelli;CIGLIANO;POP_VC_09_CIGLIANO;45,31346;8,023049
Piemonte;Vercelli;LIVORNO FERRARIS;POP_VC_10_LIVORNO_FERRARIS;45,2877491;8,0700072
Piemonte;Vercelli;OLCENENGO;POP_VC_08_OLCENENGO;45,361389;8,315808
Piemonte;Vercelli;PALAZZOLO VERCELLESE;POP_VC_12_PALAZZOLO_VERCELLESE;45,186984;8,2378984
Piemonte;Vercelli;PERTENGO;POP_VC_01_PERTENGO;45,2345932;8,4214175
Piemonte;Vercelli;TRONZANO VERCELLESE;POP_VC_11_TRONZANO_VERCELLESE;45,343148;8,183061
Piemonte;Vercelli;SERRAVALLE SESIA;POP_VC_07_SERRAVALLE_SESIA;45,683792;8,311088
Valle d'Aosta;Aosta;DONNAS;POP_AO_07_DONNAS;45,603987;7,775445
Valle d'Aosta;Aosta;AYAS;POP_AO_04_AYAS;45,797029;7,695367
Valle d'Aosta;Aosta;RHEMES-NOTRE-DAME;POP_AO_09_RHEMES_NOTRE_DAMES;45,578924;7,123405
Valle d'Aosta;Aosta;SAINT-PIERRE;POP_AO_03_SAINT_PIERRE;45,708327;7,222765
Valle d'Aosta;Aosta;VERRES;POP_AO_11_VERRES;45,661411;7,691
Basilicata;Matera;MATERA;POP_MT_01_MATERA;40,659425;16,540053
Basilicata;Matera;FERRANDINA;POP_MT_02_FERRANDINA;40,5089299;16,4862008
Basilicata;Matera;GARAGUSO;POP_MT_03_GARAGUSO;40,557964;16,227638
Basilicata;Matera;PISTICCI;POP_MT_05_PISTICCI;40,35322;16,684089
Basilicata;Matera;TURSI;POP_MT_08_TURSI;40,249399;16,497846
Basilicata;Matera;GORGOGLIONE;POP_MT_07_GORGOGLIONE;40,394994;16,141483
Basilicata;Potenza;BALVANO;POP_PZ_02_BALVANO;40,655181;15,547325
Basilicata;Potenza;CERSOSIMO;POP_PZ_04_CERSOSIMO;40,045046;16,350353
Basilicata;Potenza;LAURIA;POP_PZ_06_LAURIA;40,071567;15,858658
Basilicata;Potenza;MISSANELLO;POP_PZ_07_MISSANELLO;40,283083;16,16458
Basilicata;Potenza;VIGGIANELLO;POP_PZ_15_VIGGIANELLO;39,985519;16,071091
Basilicata;Potenza;ALBANO DI LUCANIA;POP_PZ_13_ALBANO_DI_LUCANIA;40,5894806;16,0388889
Basilicata;Potenza;FARDELLA;POP_PZ_12_FARDELLA;40,11462;16,165638
Basilicata;Potenza;FORENZA;POP_PZ_18_FORENZA;40,856124;15,859758
Basilicata;Potenza;BANZI;POP_PZ_17_BANZI;40,859079;16,005221
Campania;Avellino;ARIANO IRPINO;POP_AV_03_ARIANO_IRPINO;41,162062;15,105538
Campania;Avellino;FONTANAROSA;POP_AV_04_FONTANAROSA;41,0148;15,014973
Campania;Avellino;NUSCO;POP_AV_05_NUSCO;40,885082;15,096278
Campania;Avellino;AIELLO DEL SABATO;POP_AV_01_AIELLO_DEL_SABATO;40,898976;14,823018
Campania;Avellino;BISACCIA;POP_AV_06_BISACCIA;40,999741;15,385364
Campania;Avellino;FRIGENTO;POP_AV_11_FRIGENTO;41,007036;15,103341
Campania;Avellino;VALLATA;POP_AV_07_VALLATA;41,040492;15,253322
Campania;Avellino;CASALBORE;POP_AV_09_CASALBORE;41,235762;15,011429
Campania;Avellino;ROTONDI;POP_AV_08_ROTONDI;41,045984;14,595433
Campania;Avellino;CAPOSELE;POP_AV_10_CAPOSELE;40,822041;15,234001
Campania;Benevento;CERRETO SANNITA;POP_BN_04_CERRETO_SANNITA;41,286516;14,557681
Campania;Benevento;SAN BARTOLOMEO IN GALDO;POP_BN_03_SAN_BARTOLOMEO_IN_GALDO;41,423;15,020919
Campania;Benevento;SAN MARCO DEI CAVOTI;POP_BN_09_SAN_MARCO_DEI_CAVOTI;41,313048;14,877841
Campania;Benevento;SANT'ANGELO A CUPOLO;POP_BN_05_SANT'ANGELO_A_CUPOLO;41,074992;14,807683
Campania;Benevento;LIMATOLA;POP_BN_08_LIMATOLA;41,130451;14,406384
Campania;Caserta;GRAZZANISE;POP_CE_08_GRAZZANISE;41,0885556;14,0983556
Campania;Caserta;MACERATA CAMPANIA;POP_CE_01_MACERATA_CAMPANIA;41,06494;14,28281
Campania;Caserta;VAIRANO PATENORA;POP_CE_06_VAIRANO_PATENORA;41,312932;14,116601
Campania;Caserta;VILLA DI BRIANO;POP_CE_10_VILLA_DI_BRIANO;41,004641;14,159965
Campania;Caserta;VITULAZIO;POP_CE_05_VITULAZIO;41,16101;14,21695
Campania;Napoli;CASORIA;POP_NA_01_CASORIA;40,8996611;14,3118028
Campania;Salerno;ALFANO;POP_SA_05_ALFANO;40,180035;15,425053
Campania;Salerno;CASAL VELINO;POP_SA_06_CASAL_VELINO;40,17633;15,131891
Campania;Salerno;CENTOLA;POP_SA_08_CENTOLA;40,0858889;15,3180278
Campania;Salerno;PALOMONTE;POP_SA_15_PALOMONTE;40,66326;15,29521
Campania;Salerno;ALBANELLA;POP_SA_12_ALBANELLA;40,482534;15,10538
Campania;Salerno;BRACIGLIANO;POP_SA_03_BRACIGLIANO;40,817546;14,713297
Campania;Salerno;CAGGIANO;POP_SA_09_CAGGIANO;40,566592;15,493354
Campania;Salerno;CASTELLABATE;POP_SA_18_CASTELLABATE;40,310392;14,949542
Campania;Salerno;MONTECORICE;POP_SA_07_MONTECORICE;40,228179;14,985
Campania;Salerno;MONTESANO SULLA MARCELLANA;POP_SA_14_MONTESANO_SULLA_MARCELLANA;40,273312;15,659143
Campania;Salerno;OLEVANO SUL TUSCIANO;POP_SA_02_OLEVANO_SUL_TUSCIANO;40,650478;15,019886
Campania;Salerno;ROCCADASPIDE;POP_SA_24_ROCCADASPIDE;40,421482;15,189943
Campania;Salerno;SAN CIPRIANO PICENTINO;POP_SA_01_SAN_CIPRIANO_PICENTINO;40,685116;14,869283
Campania;Salerno;SAN PIETRO AL TANAGRO;POP_SA_25_SAN_PIETRO_AL_TANAGRO;40,45891;15,488003
Campania;Salerno;SANTA MARINA;POP_SA_16_SANTA_MARINA;40,075194;15,515133
Campania;Salerno;SANT'ANGELO A FASANELLA;POP_SA_26_SANT'ANGELO_A_FASANELLA;40,460095;15,338218
Campania;Salerno;SAN VALENTINO TORIO;POP_SA_22_SAN_VALENTINO_TORIO;40,792546;14,583992
Sicilia;Agrigento;CAMASTRA;POP_AG_04_CAMASTRA;37,2574139;13,7919583
Sicilia;Agrigento;CATTOLICA ERACLEA;POP_AG_05_CATTOLICA_ERACLEA;37,4379778;13,3836917
Sicilia;Agrigento;VILLAFRANCA SICULA;POP_AG_03_VILLAFRANCA_SICULA;37,586948;13,287185
Sicilia;Agrigento;BIVONA;POP_AG_02_BIVONA;37,611108;13,430672
Sicilia;Agrigento;SANT'ANGELO MUXARO;POP_AG_10_SANT'ANGELO_MUXARO;37,4787194;13,5531056
Sicilia;Agrigento;SAMBUCA DI SICILIA;POP_AG_12_SAMBUCA_DI_SICILIA;37,6459278;13,1054472
Sicilia;Agrigento;SANTA MARGHERITA DI BELICE;POP_AG_09_SANTA_MARGHERITA_DI_BELICE;37,683219;13,015831
Sicilia;Caltanissetta;MILENA;POP_CL_03_MILENA;37,4716722;13,7373861
Sicilia;Caltanissetta;CAMPOFRANCO;POP_CL_04_CAMPOFRANCO;37,513817;13,70999
Sicilia;Caltanissetta;MONTEDORO;POP_CL_05_MONTEDORO;37,4573152;13,8137213
Sicilia;Catania;CASTEL DI IUDICA;POP_CT_05_CASTEL_DI_IUDICA;37,495915;14,636136
Sicilia;Catania;MIRABELLA IMBACCARI;POP_CT_02_MIRABELLA_IMBACCARI;37,3275056;14,4447472
Sicilia;Catania;NICOLOSI;POP_CT_03_NICOLOSI;37,620725;15,0350667
Sicilia;Catania;PIEDIMONTE ETNEO;POP_CT_09_PIEDIMONTE_ETNEO;37,8038444;15,1836944
Sicilia;Catania;RADDUSA;POP_CT_08_RADDUSA;37,4757361;14,5403972
Sicilia;Catania;RAGALNA;POP_CT_13_RAGALNA;37,6351444;14,9376083
Sicilia;Catania;SAN GIOVANNI LA PUNTA;POP_CT_10_SAN_GIOVANNI_LA_PUNTA;37,553161;15,087837
Sicilia;Catania;SAN MICHELE DI GANZARIA;POP_CT_04_SAN_MICHELE_DI_GANZARIA;37,281418;14,414758
Sicilia;Catania;ZAFFERANA ETNEA;POP_CT_11_ZAFFERANA_ETNEA;37,694996;15,103927
Sicilia;Enna;CENTURIPE;POP_EN_03_CENTURIPE;37,626001;14,753145
Sicilia;Enna;CERAMI;POP_EN_04_CERAMI;37,808822;14,504735
Sicilia;Enna;AIDONE;POP_EN_06_AIDONE;37,414465;14,441128
Sicilia;Messina;ROCCALUMERA;POP_ME_04_ROCCALUMERA;37,970653;15,38346
Sicilia;Messina;SANTO STEFANO DI CAMASTRA;POP_ME_06_SANTO_STEFANO_DI_CAMASTRA;38,016065;14,346159
Sicilia;Messina;TORRENOVA;POP_ME_07_TORRENOVA;38,088097;14,680108
Sicilia;Messina;BASICO';POP_ME_10_BASICO;38,059463;15,058701
Sicilia;Messina;FONDACHELLI-FANTINA;POP_ME_12_FONDACHELLI_FANTINA;37,982594;15,172525
Sicilia;Messina;GIOIOSA MAREA;POP_ME_13_GIOIOSA_MAREA;38,170869;14,89505
Sicilia;Messina;ACQUEDOLCI;POP_ME_21_ACQUEDOLCI;38,051336;14,584914
Sicilia;Messina;ALI' TERME;POP_ME_25_ALI_TERME;38,009114;15,420781
Sicilia;Messina;BARCELLONA POZZO DI GOTTO;POP_ME_11_BARCELLONA;38,145108;15,208325
Sicilia;Messina;FALCONE;POP_ME_20_FALCONE;38,118576;15,071333
Sicilia;Messina;FRANCAVILLA DI SICILIA;POP_ME_01_FRANCAVILLA_DI_SICILIA;37,902918;15,131804
Sicilia;Messina;MALFA;POP_ME_05_MALFA;38,574372;14,838005
Sicilia;Messina;SAN PIER NICETO;POP_ME_09_SAN_PIER_NICETO;38,207994;15,321567
Sicilia;Messina;SAPONARA;POP_ME_08_SAPONARA;38,222219;15,426411
Sicilia;Messina;TORTORICI;POP_ME_22_TORTORICI;38,045116;14,814799
Sicilia;Messina;TUSA;POP_ME_23_TUSA;37,985206;14,235927
Sicilia;Messina;CESARO';POP_ME_26_CESARO;37,844886;14,713064
Sicilia;Messina;GAGGI;POP_ME_24_GAGGI;37,8616417;15,2176083
Sicilia;Palermo;ALIMENA;POP_PA_02_ALIMENA;37,6926014;14,1134841
Sicilia;Palermo;BORGETTO;POP_PA_03_BORGETTO;38,045121;13,136405
Sicilia;Palermo;CAMPOREALE;POP_PA_06_CAMPOREALE;37,886976;13,099902
Sicilia;Palermo;CASTRONOVO DI SICILIA;POP_PA_20_CASTRONOVO_DI_SICILIA;37,678405;13,606684
Sicilia;Palermo;PRIZZI;POP_PA_12_PRIZZI;37,7204611;13,4405556
Sicilia;Palermo;TERMINI IMERESE;POP_PA_13_TERMINI_IMERESE;37,9670416;13,7839538
Sicilia;Palermo;ALIA;POP_PA_07_ALIA;37,7882583;13,7176972
Sicilia;Palermo;VICARI;POP_PA_21_VICARI;37,827519;13,579573
Sicilia;Palermo;CEFALU';POP_PA_10_CEFALU;38,01347;13,941125
Sicilia;Palermo;CIMINNA;POP_PA_09_CIMINNA;37,900094;13,556544
Sicilia;Palermo;GIULIANA;POP_PA_08_GIULIANA;37,678366;13,233877
Sicilia;Palermo;ISNELLO;POP_PA_19_ISNELLO;37,9424306;14,0077917
Sicilia;Palermo;MONTELEPRE;POP_PA_05_MONTELEPRE;38,090143;13,176751
Sicilia;Palermo;PETRALIA SOPRANA;POP_PA_11_PETRALIA_SOPRANA;37,788442;14,10897
Sicilia;Palermo;POLLINA;POP_PA_16_POLLINA;38,022656;14,153836
Sicilia;Palermo;VALLEDOLMO;POP_PA_17_VALLEDOLMO;37,7538206;13,8481124
Sicilia;Ragusa;GIARRATANA;POP_RG_05_GIARRATANA;37,042492;14,795514
Sicilia;Ragusa;CHIARAMONTE GULFI;POP_RG_03_CHIARAMONTE_GULFI;37,037699;14,681056
Sicilia;Siracusa;FERLA;POP_SR_03_FERLA;37,1219417;14,9399306
Sicilia;Siracusa;PACHINO;POP_SR_05_PACHINO;36,7177926;15,0676429
Sicilia;Trapani;TRAPANI;POP_TP_01_TRAPANI;38,005924;12,56995
Sicilia;Trapani;MARSALA;POP_TP_02_MARSALA;37,79446;12,45555
Sicilia;Trapani;CASTELVETRANO;POP_TP_04_CASTELVETRANO;37,627283;12,849483
Sicilia;Trapani;GIBELLINA;POP_TP_07_GIBELLINA;37,804076;12,875383
Sicilia;Trapani;CASTELLAMMARE DEL GOLFO;POP_TP_03_CASTELLAMMARE_DEL_GOLFO;38,025794;12,788231
